task,method,mean,sd,n
1,pi05,100,0.0,3
1,MemoryVLA,100,0.0,3
1,ActMem-VLA,100.0,0.0,3
2,pi05,100,0.0,3
2,MemoryVLA,93.33333333333333,2.8867513459481287,3
2,ActMem-VLA,100.0,0.0,3
3,pi05,98.33333333333333,2.8867513459481287,3
3,MemoryVLA,71.66666666666667,7.637626158259733,3
3,ActMem-VLA,100.0,0.0,3
4,pi05,90,5.0,3
4,MemoryVLA,30,10.0,3
4,ActMem-VLA,100.0,0.0,3
5,pi05,93.33333333333333,5.773502691896257,3
5,MemoryVLA,10,5.0,3
5,ActMem-VLA,100.0,0.0,3
6,pi05,35,10.0,3
6,MemoryVLA,0,0.0,3
6,ActMem-VLA,75.55555555555556,4.194352464039303,3
7,pi05,31.666666666666668,5.773502691896257,3
7,MemoryVLA,38.333333333333336,10.408329997330664,3
7,ActMem-VLA,42.77777777777778,2.545875386086578,3
8,pi05,51.666666666666664,11.547005383792515,3
8,MemoryVLA,53.333333333333336,14.433756729740644,3
8,ActMem-VLA,55.0,1.6666666666666643,3
9,pi05,100,0.0,3
9,MemoryVLA,91.66666666666667,5.773502691896257,3
9,ActMem-VLA,100.0,0.0,3
10,pi05,100,0.0,3
10,MemoryVLA,95,5.0,3
10,ActMem-VLA,100.0,0.0,3
