task,method,replicate_type,replicate_seed,checkpoint,successes,episodes,sr
1,pi05,evaluation_seed,10001,49999,20,20,100
1,pi05,evaluation_seed,10002,49999,20,20,100
1,pi05,evaluation_seed,10003,49999,20,20,100
1,MemoryVLA,evaluation_seed,10001,40000,20,20,100
1,MemoryVLA,evaluation_seed,10002,40000,20,20,100
1,MemoryVLA,evaluation_seed,10003,40000,20,20,100
1,ActMem-VLA,training_seed,0,500,60,60,100.0
1,ActMem-VLA,training_seed,1,500,60,60,100.0
1,ActMem-VLA,training_seed,42,500,60,60,100.0
2,pi05,evaluation_seed,10001,49999,20,20,100
2,pi05,evaluation_seed,10002,49999,20,20,100
2,pi05,evaluation_seed,10003,49999,20,20,100
2,MemoryVLA,evaluation_seed,10001,40000,19,20,95
2,MemoryVLA,evaluation_seed,10002,40000,19,20,95
2,MemoryVLA,evaluation_seed,10003,40000,18,20,90
2,ActMem-VLA,training_seed,0,500,60,60,100.0
2,ActMem-VLA,training_seed,1,500,60,60,100.0
2,ActMem-VLA,training_seed,42,1000,60,60,100.0
3,pi05,evaluation_seed,10001,49999,20,20,100
3,pi05,evaluation_seed,10002,49999,19,20,95
3,pi05,evaluation_seed,10003,49999,20,20,100
3,MemoryVLA,evaluation_seed,10001,40000,16,20,80
3,MemoryVLA,evaluation_seed,10002,40000,13,20,65
3,MemoryVLA,evaluation_seed,10003,40000,14,20,70
3,ActMem-VLA,training_seed,0,500,60,60,100.0
3,ActMem-VLA,training_seed,1,1000,60,60,100.0
3,ActMem-VLA,training_seed,42,1000,60,60,100.0
4,pi05,evaluation_seed,10001,49999,17,20,85
4,pi05,evaluation_seed,10002,49999,19,20,95
4,pi05,evaluation_seed,10003,49999,18,20,90
4,MemoryVLA,evaluation_seed,10001,40000,6,20,30
4,MemoryVLA,evaluation_seed,10002,40000,4,20,20
4,MemoryVLA,evaluation_seed,10003,40000,8,20,40
4,ActMem-VLA,training_seed,0,1000,60,60,100.0
4,ActMem-VLA,training_seed,1,500,60,60,100.0
4,ActMem-VLA,training_seed,42,1500,60,60,100.0
5,pi05,evaluation_seed,10001,49999,20,20,100
5,pi05,evaluation_seed,10002,49999,18,20,90
5,pi05,evaluation_seed,10003,49999,18,20,90
5,MemoryVLA,evaluation_seed,10001,40000,1,20,5
5,MemoryVLA,evaluation_seed,10002,40000,3,20,15
5,MemoryVLA,evaluation_seed,10003,40000,2,20,10
5,ActMem-VLA,training_seed,0,1000,60,60,100.0
5,ActMem-VLA,training_seed,1,1000,60,60,100.0
5,ActMem-VLA,training_seed,42,1000,60,60,100.0
6,pi05,evaluation_seed,10001,49999,7,20,35
6,pi05,evaluation_seed,10002,49999,5,20,25
6,pi05,evaluation_seed,10003,49999,9,20,45
6,MemoryVLA,evaluation_seed,10001,40000,0,20,0
6,MemoryVLA,evaluation_seed,10002,40000,0,20,0
6,MemoryVLA,evaluation_seed,10003,40000,0,20,0
6,ActMem-VLA,training_seed,0,2500,43,60,71.66666666666667
6,ActMem-VLA,training_seed,1,1500,45,60,75.0
6,ActMem-VLA,training_seed,42,1500,48,60,80.0
7,pi05,evaluation_seed,10001,49999,5,20,25
7,pi05,evaluation_seed,10002,49999,7,20,35
7,pi05,evaluation_seed,10003,49999,7,20,35
7,MemoryVLA,evaluation_seed,10001,40000,6,20,30
7,MemoryVLA,evaluation_seed,10002,40000,10,20,50
7,MemoryVLA,evaluation_seed,10003,40000,7,20,35
7,ActMem-VLA,training_seed,0,2000,27,60,45.0
7,ActMem-VLA,training_seed,1,1500,26,60,43.333333333333336
7,ActMem-VLA,training_seed,42,1500,24,60,40.0
8,pi05,evaluation_seed,10001,49999,9,20,45
8,pi05,evaluation_seed,10002,49999,13,20,65
8,pi05,evaluation_seed,10003,49999,9,20,45
8,MemoryVLA,evaluation_seed,10001,40000,14,20,70
8,MemoryVLA,evaluation_seed,10002,40000,9,20,45
8,MemoryVLA,evaluation_seed,10003,40000,9,20,45
8,ActMem-VLA,training_seed,0,3000,34,60,56.666666666666664
8,ActMem-VLA,training_seed,1,2500,32,60,53.333333333333336
8,ActMem-VLA,training_seed,42,1000,33,60,55.0
9,pi05,evaluation_seed,10001,49999,20,20,100
9,pi05,evaluation_seed,10002,49999,20,20,100
9,pi05,evaluation_seed,10003,49999,20,20,100
9,MemoryVLA,evaluation_seed,10001,40000,19,20,95
9,MemoryVLA,evaluation_seed,10002,40000,17,20,85
9,MemoryVLA,evaluation_seed,10003,40000,19,20,95
9,ActMem-VLA,training_seed,0,500,60,60,100.0
9,ActMem-VLA,training_seed,1,1500,60,60,100.0
9,ActMem-VLA,training_seed,42,2500,60,60,100.0
10,pi05,evaluation_seed,10001,49999,20,20,100
10,pi05,evaluation_seed,10002,49999,20,20,100
10,pi05,evaluation_seed,10003,49999,20,20,100
10,MemoryVLA,evaluation_seed,10001,40000,18,20,90
10,MemoryVLA,evaluation_seed,10002,40000,20,20,100
10,MemoryVLA,evaluation_seed,10003,40000,19,20,95
10,ActMem-VLA,training_seed,0,500,60,60,100.0
10,ActMem-VLA,training_seed,1,500,60,60,100.0
10,ActMem-VLA,training_seed,42,500,60,60,100.0
