task,method,mean
1,pi05,100
1,MemoryVLA,100
1,ActMem-VLA,100.0
2,pi05,100
2,MemoryVLA,93.33333333333333
2,ActMem-VLA,100.0
3,pi05,98.33333333333333
3,MemoryVLA,71.66666666666667
3,ActMem-VLA,100.0
4,pi05,90
4,MemoryVLA,30
4,ActMem-VLA,100.0
5,pi05,93.33333333333333
5,MemoryVLA,10
5,ActMem-VLA,100.0
6,pi05,35
6,MemoryVLA,0
6,ActMem-VLA,75.55555555555556
7,pi05,31.666666666666668
7,MemoryVLA,38.333333333333336
7,ActMem-VLA,42.77777777777778
8,pi05,51.666666666666664
8,MemoryVLA,53.333333333333336
8,ActMem-VLA,55.0
9,pi05,100
9,MemoryVLA,91.66666666666667
9,ActMem-VLA,100.0
10,pi05,100
10,MemoryVLA,95
10,ActMem-VLA,100.0
