method,task,train_seed,checkpoint,eval_seed,successes,episodes,source
ActMem-VLA,6,42,1500,10001,16,20,/data/libero_mem_baseline/a100_local_eval_20260910/evaluations/gradientfix-v1-t6-s42-c1500-e10001/audited_summary.json
ActMem-VLA,6,42,1500,10002,16,20,/data/libero_mem_baseline/a100_local_eval_20260910/evaluations/gradientfix-v1-t6-s42-c1500-e10002/audited_summary.json
ActMem-VLA,6,42,1500,10003,16,20,/data/libero_mem_baseline/a100_local_eval_20260910/evaluations/gradientfix-v1-t6-s42-c1500-e10003/audited_summary.json
ActMem-VLA,7,42,1500,10001,7,20,/data/libero_mem_baseline/a100_local_eval_20260910/evaluations/gradientfix-v1-t7-s42-c1500-e10001/audited_summary.json
ActMem-VLA,7,42,1500,10002,6,20,/data/libero_mem_baseline/a100_local_eval_20260910/evaluations/gradientfix-v1-t7-s42-c1500-e10002/audited_summary.json
ActMem-VLA,7,42,1500,10003,11,20,/data/libero_mem_baseline/a100_local_eval_20260910/evaluations/gradientfix-v1-t7-s42-c1500-e10003/audited_summary.json
ActMem-VLA,8,42,1500,10001,9,20,/data/libero_mem_baseline/a100_local_eval_20260910/evaluations/gradientfix-v1-t8-s42-c1500-e10001/audited_summary.json
ActMem-VLA,8,42,1500,10002,8,20,/data/libero_mem_baseline/a100_local_eval_20260910/evaluations/gradientfix-v1-t8-s42-c1500-e10002/audited_summary.json
ActMem-VLA,8,42,1500,10003,10,20,/data/libero_mem_baseline/a100_local_eval_20260910/evaluations/gradientfix-v1-t8-s42-c1500-e10003/audited_summary.json
no-PAE,6,42,1500,10001,10,20,/data/libero_mem_baseline/a100_local_eval_20260910/evaluations/frozen-ae-early04-a100-t6-s42-c1500-e10001/audited_summary.json
no-PAE,6,42,1500,10002,12,20,/data/libero_mem_baseline/a100_local_eval_20260910/evaluations/frozen-ae-early04-a100-t6-s42-c1500-e10002/audited_summary.json
no-PAE,6,42,1500,10003,13,20,/data/libero_mem_baseline/a100_local_eval_20260910/evaluations/frozen-ae-early04-a100-t6-s42-c1500-e10003/audited_summary.json
no-PAE,7,42,1500,10001,6,20,/data/libero_mem_baseline/a100_local_eval_20260910/evaluations/frozen-ae-early04-a100-t7-s42-c1500-e10001/audited_summary.json
no-PAE,7,42,1500,10002,8,20,/data/libero_mem_baseline/a100_local_eval_20260910/evaluations/frozen-ae-early04-a100-t7-s42-c1500-e10002/audited_summary.json
no-PAE,7,42,1500,10003,9,20,/data/libero_mem_baseline/a100_local_eval_20260910/evaluations/frozen-ae-early04-a100-t7-s42-c1500-e10003/audited_summary.json
no-PAE,8,42,1500,10001,11,20,/data/libero_mem_baseline/a100_local_eval_20260910/evaluations/frozen-ae-early04-a100-t8-s42-c1500-e10001/audited_summary.json
no-PAE,8,42,1500,10002,15,20,/data/libero_mem_baseline/a100_local_eval_20260910/evaluations/frozen-ae-early04-a100-t8-s42-c1500-e10002/audited_summary.json
no-PAE,8,42,1500,10003,12,20,/data/libero_mem_baseline/a100_local_eval_20260910/evaluations/frozen-ae-early04-a100-t8-s42-c1500-e10003/audited_summary.json
no-memory,6,42,1500,10001,7,20,/data/libero_mem_baseline/a100_local_eval_20260910/evaluations/A100-no-memory-t6-s42-c1500-e10001/audited_summary.json
no-memory,6,42,1500,10002,9,20,/data/libero_mem_baseline/a100_local_eval_20260910/evaluations/A100-no-memory-t6-s42-c1500-e10002/audited_summary.json
no-memory,6,42,1500,10003,7,20,/data/libero_mem_baseline/a100_local_eval_20260910/evaluations/A100-no-memory-t6-s42-c1500-e10003/audited_summary.json
no-memory,7,42,1500,10001,8,20,/data/libero_mem_baseline/a100_local_eval_20260910/evaluations/A100-no-memory-t7-s42-c1500-e10001/audited_summary.json
no-memory,7,42,1500,10002,6,20,/data/libero_mem_baseline/a100_local_eval_20260910/evaluations/A100-no-memory-t7-s42-c1500-e10002/audited_summary.json
no-memory,7,42,1500,10003,6,20,/data/libero_mem_baseline/a100_local_eval_20260910/evaluations/A100-no-memory-t7-s42-c1500-e10003/audited_summary.json
no-memory,8,42,1500,10001,9,20,/data/libero_mem_baseline/a100_local_eval_20260910/evaluations/A100-no-memory-t8-s42-c1500-e10001/audited_summary.json
no-memory,8,42,1500,10002,11,20,/data/libero_mem_baseline/a100_local_eval_20260910/evaluations/A100-no-memory-t8-s42-c1500-e10002/audited_summary.json
no-memory,8,42,1500,10003,10,20,/data/libero_mem_baseline/a100_local_eval_20260910/evaluations/A100-no-memory-t8-s42-c1500-e10003/audited_summary.json
