task,episode,label,query,description,kind,cycle,progress,point_index,sample_query
1,demo_1,G1,116,第1次抓取（抬起参考帧）,grasp,1,0.5,5,120
1,demo_1,P1,143,第1次放置,place,1,1.0,7,160
1,demo_2,G1,96,第1次抓取（抬起参考帧）,grasp,1,0.5,4,100
1,demo_2,P1,120,第1次放置,place,1,1.0,5,120
1,demo_3,G1,103,第1次抓取（抬起参考帧）,grasp,1,0.5,5,120
1,demo_3,P1,129,第1次放置,place,1,1.0,6,140
1,demo_4,G1,101,第1次抓取（抬起参考帧）,grasp,1,0.5,5,120
1,demo_4,P1,126,第1次放置,place,1,1.0,6,140
1,demo_5,G1,94,第1次抓取（抬起参考帧）,grasp,1,0.5,4,100
1,demo_5,P1,121,第1次放置,place,1,1.0,6,140
2,demo_1,G1,111,第1次抓取（抬起参考帧）,grasp,1,0.5,5,120
2,demo_1,P1,140,第1次放置,place,1,1.0,6,140
2,demo_2,G1,101,第1次抓取（抬起参考帧）,grasp,1,0.5,5,120
2,demo_2,P1,126,第1次放置,place,1,1.0,6,140
2,demo_3,G1,97,第1次抓取（抬起参考帧）,grasp,1,0.5,4,100
2,demo_3,P1,119,第1次放置,place,1,1.0,5,120
2,demo_4,G1,110,第1次抓取（抬起参考帧）,grasp,1,0.5,5,120
2,demo_4,P1,133,第1次放置,place,1,1.0,6,140
2,demo_5,G1,110,第1次抓取（抬起参考帧）,grasp,1,0.5,5,120
2,demo_5,P1,131,第1次放置,place,1,1.0,6,140
3,demo_1,G1,101,第1次抓取（抬起参考帧）,grasp,1,0.16666666666666666,5,120
3,demo_1,P1,126,第1次放置,place,1,0.3333333333333333,6,140
3,demo_1,G2,173,第2次抓取（抬起参考帧）,grasp,2,0.5,8,180
3,demo_1,P2,191,第2次放置,place,2,0.6666666666666666,9,200
3,demo_1,G3,239,第3次抓取（抬起参考帧）,grasp,3,0.8333333333333334,11,240
3,demo_1,P3,257,第3次放置,place,3,1.0,12,260
3,demo_2,G1,90,第1次抓取（抬起参考帧）,grasp,1,0.16666666666666666,4,100
3,demo_2,P1,112,第1次放置,place,1,0.3333333333333333,5,120
3,demo_2,G2,169,第2次抓取（抬起参考帧）,grasp,2,0.5,8,180
3,demo_2,P2,190,第2次放置,place,2,0.6666666666666666,9,200
3,demo_2,G3,243,第3次抓取（抬起参考帧）,grasp,3,0.8333333333333334,12,260
3,demo_2,P3,264,第3次放置,place,3,1.0,13,280
3,demo_3,G1,90,第1次抓取（抬起参考帧）,grasp,1,0.16666666666666666,4,100
3,demo_3,P1,116,第1次放置,place,1,0.3333333333333333,5,120
3,demo_3,G2,170,第2次抓取（抬起参考帧）,grasp,2,0.5,8,180
3,demo_3,P2,192,第2次放置,place,2,0.6666666666666666,9,200
3,demo_3,G3,238,第3次抓取（抬起参考帧）,grasp,3,0.8333333333333334,11,240
3,demo_3,P3,254,第3次放置,place,3,1.0,12,260
3,demo_4,G1,94,第1次抓取（抬起参考帧）,grasp,1,0.16666666666666666,4,100
3,demo_4,P1,119,第1次放置,place,1,0.3333333333333333,5,120
3,demo_4,G2,168,第2次抓取（抬起参考帧）,grasp,2,0.5,8,180
3,demo_4,P2,185,第2次放置,place,2,0.6666666666666666,9,200
3,demo_4,G3,229,第3次抓取（抬起参考帧）,grasp,3,0.8333333333333334,11,240
3,demo_4,P3,245,第3次放置,place,3,1.0,12,260
3,demo_5,G1,92,第1次抓取（抬起参考帧）,grasp,1,0.16666666666666666,4,100
3,demo_5,P1,118,第1次放置,place,1,0.3333333333333333,5,120
3,demo_5,G2,167,第2次抓取（抬起参考帧）,grasp,2,0.5,8,180
3,demo_5,P2,186,第2次放置,place,2,0.6666666666666666,9,200
3,demo_5,G3,231,第3次抓取（抬起参考帧）,grasp,3,0.8333333333333334,11,240
3,demo_5,P3,251,第3次放置,place,3,1.0,12,260
4,demo_1,G1,126,第1次抓取（抬起参考帧）,grasp,1,0.16666666666666666,6,140
4,demo_1,P1,147,第1次放置,place,1,0.3333333333333333,7,160
4,demo_1,G2,194,第2次抓取（抬起参考帧）,grasp,2,0.5,9,200
4,demo_1,P2,213,第2次放置,place,2,0.6666666666666666,10,220
4,demo_1,G3,261,第3次抓取（抬起参考帧）,grasp,3,0.8333333333333334,13,280
4,demo_1,P3,281,第3次放置,place,3,1.0,14,300
4,demo_2,G1,164,第1次抓取（抬起参考帧）,grasp,1,0.16666666666666666,8,180
4,demo_2,P1,182,第1次放置,place,1,0.3333333333333333,9,200
4,demo_2,G2,242,第2次抓取（抬起参考帧）,grasp,2,0.5,12,260
4,demo_2,P2,259,第2次放置,place,2,0.6666666666666666,12,260
4,demo_2,G3,307,第3次抓取（抬起参考帧）,grasp,3,0.8333333333333334,15,320
4,demo_2,P3,325,第3次放置,place,3,1.0,16,340
4,demo_3,G1,81,第1次抓取（抬起参考帧）,grasp,1,0.16666666666666666,4,100
4,demo_3,P1,103,第1次放置,place,1,0.3333333333333333,5,120
4,demo_3,G2,153,第2次抓取（抬起参考帧）,grasp,2,0.5,7,160
4,demo_3,P2,172,第2次放置,place,2,0.6666666666666666,8,180
4,demo_3,G3,217,第3次抓取（抬起参考帧）,grasp,3,0.8333333333333334,10,220
4,demo_3,P3,233,第3次放置,place,3,1.0,11,240
4,demo_4,G1,104,第1次抓取（抬起参考帧）,grasp,1,0.16666666666666666,5,120
4,demo_4,P1,126,第1次放置,place,1,0.3333333333333333,6,140
4,demo_4,G2,202,第2次抓取（抬起参考帧）,grasp,2,0.5,10,220
4,demo_4,P2,216,第2次放置,place,2,0.6666666666666666,10,220
4,demo_4,G3,261,第3次抓取（抬起参考帧）,grasp,3,0.8333333333333334,13,280
4,demo_4,P3,278,第3次放置,place,3,1.0,13,280
4,demo_5,G1,93,第1次抓取（抬起参考帧）,grasp,1,0.16666666666666666,4,100
4,demo_5,P1,110,第1次放置,place,1,0.3333333333333333,5,120
4,demo_5,G2,156,第2次抓取（抬起参考帧）,grasp,2,0.5,7,160
4,demo_5,P2,173,第2次放置,place,2,0.6666666666666666,8,180
4,demo_5,G3,218,第3次抓取（抬起参考帧）,grasp,3,0.8333333333333334,10,220
4,demo_5,P3,234,第3次放置,place,3,1.0,11,240
5,demo_1,G1,101,第1次抓取（抬起参考帧）,grasp,1,0.1,5,120
5,demo_1,P1,121,第1次放置,place,1,0.2,6,140
5,demo_1,G2,166,第2次抓取（抬起参考帧）,grasp,2,0.3,8,180
5,demo_1,P2,185,第2次放置,place,2,0.4,9,200
5,demo_1,G3,231,第3次抓取（抬起参考帧）,grasp,3,0.5,11,240
5,demo_1,P3,243,第3次放置,place,3,0.6,12,260
5,demo_1,G4,282,第4次抓取（抬起参考帧）,grasp,4,0.7,14,300
5,demo_1,P4,296,第4次放置,place,4,0.8,14,300
5,demo_1,G5,336,第5次抓取（抬起参考帧）,grasp,5,0.9,16,340
5,demo_1,P5,353,第5次放置,place,5,1.0,17,360
5,demo_2,G1,85,第1次抓取（抬起参考帧）,grasp,1,0.1,4,100
5,demo_2,P1,103,第1次放置,place,1,0.2,5,120
5,demo_2,G2,139,第2次抓取（抬起参考帧）,grasp,2,0.3,6,140
5,demo_2,P2,155,第2次放置,place,2,0.4,7,160
5,demo_2,G3,188,第3次抓取（抬起参考帧）,grasp,3,0.5,9,200
5,demo_2,P3,198,第3次放置,place,3,0.6,9,200
5,demo_2,G4,234,第4次抓取（抬起参考帧）,grasp,4,0.7,11,240
5,demo_2,P4,247,第4次放置,place,4,0.8,12,260
5,demo_2,G5,281,第5次抓取（抬起参考帧）,grasp,5,0.9,14,300
5,demo_2,P5,293,第5次放置,place,5,1.0,14,300
5,demo_3,G1,81,第1次抓取（抬起参考帧）,grasp,1,0.1,4,100
5,demo_3,P1,98,第1次放置,place,1,0.2,4,100
5,demo_3,G2,141,第2次抓取（抬起参考帧）,grasp,2,0.3,7,160
5,demo_3,P2,161,第2次放置,place,2,0.4,8,180
5,demo_3,G3,197,第3次抓取（抬起参考帧）,grasp,3,0.5,9,200
5,demo_3,P3,211,第3次放置,place,3,0.6,10,220
5,demo_3,G4,247,第4次抓取（抬起参考帧）,grasp,4,0.7,12,260
5,demo_3,P4,260,第4次放置,place,4,0.8,12,260
5,demo_3,G5,302,第5次抓取（抬起参考帧）,grasp,5,0.9,15,320
5,demo_3,P5,315,第5次放置,place,5,1.0,15,320
5,demo_4,G1,91,第1次抓取（抬起参考帧）,grasp,1,0.1,4,100
5,demo_4,P1,113,第1次放置,place,1,0.2,5,120
5,demo_4,G2,156,第2次抓取（抬起参考帧）,grasp,2,0.3,7,160
5,demo_4,P2,178,第2次放置,place,2,0.4,8,180
5,demo_4,G3,214,第3次抓取（抬起参考帧）,grasp,3,0.5,10,220
5,demo_4,P3,230,第3次放置,place,3,0.6,11,240
5,demo_4,G4,268,第4次抓取（抬起参考帧）,grasp,4,0.7,13,280
5,demo_4,P4,289,第4次放置,place,4,0.8,14,300
5,demo_4,G5,328,第5次抓取（抬起参考帧）,grasp,5,0.9,16,340
5,demo_4,P5,345,第5次放置,place,5,1.0,17,360
5,demo_5,G1,88,第1次抓取（抬起参考帧）,grasp,1,0.1,4,100
5,demo_5,P1,115,第1次放置,place,1,0.2,5,120
5,demo_5,G2,156,第2次抓取（抬起参考帧）,grasp,2,0.3,7,160
5,demo_5,P2,175,第2次放置,place,2,0.4,8,180
5,demo_5,G3,213,第3次抓取（抬起参考帧）,grasp,3,0.5,10,220
5,demo_5,P3,229,第3次放置,place,3,0.6,11,240
5,demo_5,G4,266,第4次抓取（抬起参考帧）,grasp,4,0.7,13,280
5,demo_5,P4,284,第4次放置,place,4,0.8,14,300
5,demo_5,G5,323,第5次抓取（抬起参考帧）,grasp,5,0.9,16,340
5,demo_5,P5,343,第5次放置,place,5,1.0,17,360
6,demo_1,G1,93,第1次抓取（抬起参考帧）,grasp,1,0.07142857142857142,4,100
6,demo_1,P1,117,第1次放置,place,1,0.14285714285714285,5,120
6,demo_1,G2,162,第2次抓取（抬起参考帧）,grasp,2,0.21428571428571427,8,180
6,demo_1,P2,181,第2次放置,place,2,0.2857142857142857,9,200
6,demo_1,G3,228,第3次抓取（抬起参考帧）,grasp,3,0.35714285714285715,11,240
6,demo_1,P3,246,第3次放置,place,3,0.42857142857142855,12,260
6,demo_1,G4,294,第4次抓取（抬起参考帧）,grasp,4,0.5,14,300
6,demo_1,P4,313,第4次放置,place,4,0.5714285714285714,15,320
6,demo_1,G5,362,第5次抓取（抬起参考帧）,grasp,5,0.6428571428571429,18,380
6,demo_1,P5,383,第5次放置,place,5,0.7142857142857143,19,400
6,demo_1,G6,429,第6次抓取（抬起参考帧）,grasp,6,0.7857142857142857,21,440
6,demo_1,P6,448,第6次放置,place,6,0.8571428571428571,22,460
6,demo_1,G7,490,第7次抓取（抬起参考帧）,grasp,7,0.9285714285714286,24,500
6,demo_1,P7,507,第7次放置,place,7,1.0,25,520
6,demo_2,G1,110,第1次抓取（抬起参考帧）,grasp,1,0.07142857142857142,5,120
6,demo_2,P1,130,第1次放置,place,1,0.14285714285714285,6,140
6,demo_2,G2,177,第2次抓取（抬起参考帧）,grasp,2,0.21428571428571427,8,180
6,demo_2,P2,196,第2次放置,place,2,0.2857142857142857,9,200
6,demo_2,G3,244,第3次抓取（抬起参考帧）,grasp,3,0.35714285714285715,12,260
6,demo_2,P3,268,第3次放置,place,3,0.42857142857142855,13,280
6,demo_2,G4,317,第4次抓取（抬起参考帧）,grasp,4,0.5,15,320
6,demo_2,P4,340,第4次放置,place,4,0.5714285714285714,16,340
6,demo_2,G5,391,第5次抓取（抬起参考帧）,grasp,5,0.6428571428571429,19,400
6,demo_2,P5,415,第5次放置,place,5,0.7142857142857143,20,420
6,demo_2,G6,463,第6次抓取（抬起参考帧）,grasp,6,0.7857142857142857,23,480
6,demo_2,P6,487,第6次放置,place,6,0.8571428571428571,24,500
6,demo_2,G7,547,第7次抓取（抬起参考帧）,grasp,7,0.9285714285714286,27,560
6,demo_2,P7,568,第7次放置,place,7,1.0,28,580
6,demo_3,G1,96,第1次抓取（抬起参考帧）,grasp,1,0.07142857142857142,4,100
6,demo_3,P1,126,第1次放置,place,1,0.14285714285714285,6,140
6,demo_3,G2,172,第2次抓取（抬起参考帧）,grasp,2,0.21428571428571427,8,180
6,demo_3,P2,212,第2次放置,place,2,0.2857142857142857,10,220
6,demo_3,G3,257,第3次抓取（抬起参考帧）,grasp,3,0.35714285714285715,12,260
6,demo_3,P3,276,第3次放置,place,3,0.42857142857142855,13,280
6,demo_3,G4,320,第4次抓取（抬起参考帧）,grasp,4,0.5,15,320
6,demo_3,P4,338,第4次放置,place,4,0.5714285714285714,16,340
6,demo_3,G5,380,第5次抓取（抬起参考帧）,grasp,5,0.6428571428571429,18,380
6,demo_3,P5,399,第5次放置,place,5,0.7142857142857143,19,400
6,demo_3,G6,444,第6次抓取（抬起参考帧）,grasp,6,0.7857142857142857,22,460
6,demo_3,P6,465,第6次放置,place,6,0.8571428571428571,23,480
6,demo_3,G7,512,第7次抓取（抬起参考帧）,grasp,7,0.9285714285714286,25,520
6,demo_3,P7,534,第7次放置,place,7,1.0,26,540
6,demo_4,G1,95,第1次抓取（抬起参考帧）,grasp,1,0.07142857142857142,4,100
6,demo_4,P1,117,第1次放置,place,1,0.14285714285714285,5,120
6,demo_4,G2,170,第2次抓取（抬起参考帧）,grasp,2,0.21428571428571427,8,180
6,demo_4,P2,193,第2次放置,place,2,0.2857142857142857,9,200
6,demo_4,G3,239,第3次抓取（抬起参考帧）,grasp,3,0.35714285714285715,11,240
6,demo_4,P3,262,第3次放置,place,3,0.42857142857142855,13,280
6,demo_4,G4,305,第4次抓取（抬起参考帧）,grasp,4,0.5,15,320
6,demo_4,P4,320,第4次放置,place,4,0.5714285714285714,15,320
6,demo_4,G5,372,第5次抓取（抬起参考帧）,grasp,5,0.6428571428571429,18,380
6,demo_4,P5,393,第5次放置,place,5,0.7142857142857143,19,400
6,demo_4,G6,439,第6次抓取（抬起参考帧）,grasp,6,0.7857142857142857,21,440
6,demo_4,P6,460,第6次放置,place,6,0.8571428571428571,22,460
6,demo_4,G7,507,第7次抓取（抬起参考帧）,grasp,7,0.9285714285714286,25,520
6,demo_4,P7,528,第7次放置,place,7,1.0,26,540
6,demo_5,G1,92,第1次抓取（抬起参考帧）,grasp,1,0.07142857142857142,4,100
6,demo_5,P1,121,第1次放置,place,1,0.14285714285714285,6,140
6,demo_5,G2,180,第2次抓取（抬起参考帧）,grasp,2,0.21428571428571427,8,180
6,demo_5,P2,206,第2次放置,place,2,0.2857142857142857,10,220
6,demo_5,G3,259,第3次抓取（抬起参考帧）,grasp,3,0.35714285714285715,12,260
6,demo_5,P3,285,第3次放置,place,3,0.42857142857142855,14,300
6,demo_5,G4,338,第4次抓取（抬起参考帧）,grasp,4,0.5,16,340
6,demo_5,P4,365,第4次放置,place,4,0.5714285714285714,18,380
6,demo_5,G5,421,第5次抓取（抬起参考帧）,grasp,5,0.6428571428571429,21,440
6,demo_5,P5,449,第5次放置,place,5,0.7142857142857143,22,460
6,demo_5,G6,511,第6次抓取（抬起参考帧）,grasp,6,0.7857142857142857,25,520
6,demo_5,P6,535,第6次放置,place,6,0.8571428571428571,26,540
6,demo_5,G7,606,第7次抓取（抬起参考帧）,grasp,7,0.9285714285714286,30,620
6,demo_5,P7,627,第7次放置,place,7,1.0,31,640
7,demo_1,G1,119,第1次抓取（抬起参考帧）,grasp,1,0.16666666666666666,5,120
7,demo_1,P1,156,第1次放置,place,1,0.3333333333333333,7,160
7,demo_1,G2,247,第2次抓取（抬起参考帧）,grasp,2,0.5,12,260
7,demo_1,P2,287,第2次放置,place,2,0.6666666666666666,14,300
7,demo_1,G3,371,第3次抓取（抬起参考帧）,grasp,3,0.8333333333333334,18,380
7,demo_1,P3,401,第3次放置,place,3,1.0,20,420
7,demo_3,G1,77,第1次抓取（抬起参考帧）,grasp,1,0.16666666666666666,3,80
7,demo_3,P1,121,第1次放置,place,1,0.3333333333333333,6,140
7,demo_3,G2,200,第2次抓取（抬起参考帧）,grasp,2,0.5,9,200
7,demo_3,P2,234,第2次放置,place,2,0.6666666666666666,11,240
7,demo_3,G3,324,第3次抓取（抬起参考帧）,grasp,3,0.8333333333333334,16,340
7,demo_3,P3,356,第3次放置,place,3,1.0,17,360
7,demo_4,G1,75,第1次抓取（抬起参考帧）,grasp,1,0.16666666666666666,3,80
7,demo_4,P1,100,第1次放置,place,1,0.3333333333333333,4,100
7,demo_4,G2,188,第2次抓取（抬起参考帧）,grasp,2,0.5,9,200
7,demo_4,P2,220,第2次放置,place,2,0.6666666666666666,10,220
7,demo_4,G3,287,第3次抓取（抬起参考帧）,grasp,3,0.8333333333333334,14,300
7,demo_4,P3,314,第3次放置,place,3,1.0,15,320
7,demo_5,G1,81,第1次抓取（抬起参考帧）,grasp,1,0.16666666666666666,4,100
7,demo_5,P1,124,第1次放置,place,1,0.3333333333333333,6,140
7,demo_5,G2,209,第2次抓取（抬起参考帧）,grasp,2,0.5,10,220
7,demo_5,P2,261,第2次放置,place,2,0.6666666666666666,13,280
7,demo_5,G3,352,第3次抓取（抬起参考帧）,grasp,3,0.8333333333333334,17,360
7,demo_5,P3,380,第3次放置,place,3,1.0,18,380
7,demo_6,G1,112,第1次抓取（抬起参考帧）,grasp,1,0.16666666666666666,5,120
7,demo_6,P1,129,第1次放置,place,1,0.3333333333333333,6,140
7,demo_6,G2,217,第2次抓取（抬起参考帧）,grasp,2,0.5,10,220
7,demo_6,P2,239,第2次放置,place,2,0.6666666666666666,11,240
7,demo_6,G3,313,第3次抓取（抬起参考帧）,grasp,3,0.8333333333333334,15,320
7,demo_6,P3,340,第3次放置,place,3,1.0,16,340
8,demo_1,G1,120,第1次抓取（抬起参考帧）,grasp,1,0.125,5,120
8,demo_1,P1,145,第1次放置,place,1,0.25,7,160
8,demo_1,G2,246,第2次抓取（抬起参考帧）,grasp,2,0.375,12,260
8,demo_1,P2,289,第2次放置,place,2,0.5,14,300
8,demo_1,G3,397,第3次抓取（抬起参考帧）,grasp,3,0.625,19,400
8,demo_1,P3,423,第3次放置,place,3,0.75,21,440
8,demo_1,G4,513,第4次抓取（抬起参考帧）,grasp,4,0.875,25,520
8,demo_1,P4,576,第4次放置,place,4,1.0,28,580
8,demo_3,G1,80,第1次抓取（抬起参考帧）,grasp,1,0.125,3,80
8,demo_3,P1,134,第1次放置,place,1,0.25,6,140
8,demo_3,G2,229,第2次抓取（抬起参考帧）,grasp,2,0.375,11,240
8,demo_3,P2,248,第2次放置,place,2,0.5,12,260
8,demo_3,G3,358,第3次抓取（抬起参考帧）,grasp,3,0.625,17,360
8,demo_3,P3,377,第3次放置,place,3,0.75,18,380
8,demo_3,G4,471,第4次抓取（抬起参考帧）,grasp,4,0.875,23,480
8,demo_3,P4,496,第4次放置,place,4,1.0,24,500
8,demo_4,G1,76,第1次抓取（抬起参考帧）,grasp,1,0.125,3,80
8,demo_4,P1,120,第1次放置,place,1,0.25,5,120
8,demo_4,G2,201,第2次抓取（抬起参考帧）,grasp,2,0.375,10,220
8,demo_4,P2,239,第2次放置,place,2,0.5,11,240
8,demo_4,G3,347,第3次抓取（抬起参考帧）,grasp,3,0.625,17,360
8,demo_4,P3,368,第3次放置,place,3,0.75,18,380
8,demo_4,G4,471,第4次抓取（抬起参考帧）,grasp,4,0.875,23,480
8,demo_4,P4,532,第4次放置,place,4,1.0,26,540
8,demo_5,G1,130,第1次抓取（抬起参考帧）,grasp,1,0.125,6,140
8,demo_5,P1,176,第1次放置,place,1,0.25,8,180
8,demo_5,G2,274,第2次抓取（抬起参考帧）,grasp,2,0.375,13,280
8,demo_5,P2,307,第2次放置,place,2,0.5,15,320
8,demo_5,G3,441,第3次抓取（抬起参考帧）,grasp,3,0.625,22,460
8,demo_5,P3,466,第3次放置,place,3,0.75,23,480
8,demo_5,G4,578,第4次抓取（抬起参考帧）,grasp,4,0.875,28,580
8,demo_5,P4,650,第4次放置,place,4,1.0,32,660
8,demo_6,G1,104,第1次抓取（抬起参考帧）,grasp,1,0.125,5,120
8,demo_6,P1,167,第1次放置,place,1,0.25,8,180
8,demo_6,G2,271,第2次抓取（抬起参考帧）,grasp,2,0.375,13,280
8,demo_6,P2,292,第2次放置,place,2,0.5,14,300
8,demo_6,G3,415,第3次抓取（抬起参考帧）,grasp,3,0.625,20,420
8,demo_6,P3,437,第3次放置,place,3,0.75,21,440
8,demo_6,G4,536,第4次抓取（抬起参考帧）,grasp,4,0.875,26,540
8,demo_6,P4,562,第4次放置,place,4,1.0,28,580
9,demo_1,G1,151,第1次抓取（抬起参考帧）,grasp,1,0.25,7,160
9,demo_1,P1,178,第1次放置,place,1,0.5,8,180
9,demo_1,G2,307,第2次抓取（抬起参考帧）,grasp,2,0.75,15,320
9,demo_1,P2,337,第2次放置,place,2,1.0,16,340
9,demo_2,G1,132,第1次抓取（抬起参考帧）,grasp,1,0.25,6,140
9,demo_2,P1,167,第1次放置,place,1,0.5,8,180
9,demo_2,G2,276,第2次抓取（抬起参考帧）,grasp,2,0.75,13,280
9,demo_2,P2,306,第2次放置,place,2,1.0,15,320
9,demo_3,G1,160,第1次抓取（抬起参考帧）,grasp,1,0.25,7,160
9,demo_3,P1,187,第1次放置,place,1,0.5,9,200
9,demo_3,G2,309,第2次抓取（抬起参考帧）,grasp,2,0.75,15,320
9,demo_3,P2,337,第2次放置,place,2,1.0,16,340
9,demo_4,G1,163,第1次抓取（抬起参考帧）,grasp,1,0.25,8,180
9,demo_4,P1,182,第1次放置,place,1,0.5,9,200
9,demo_4,G2,301,第2次抓取（抬起参考帧）,grasp,2,0.75,15,320
9,demo_4,P2,326,第2次放置,place,2,1.0,16,340
9,demo_5,G1,159,第1次抓取（抬起参考帧）,grasp,1,0.25,7,160
9,demo_5,P1,192,第1次放置,place,1,0.5,9,200
9,demo_5,G2,300,第2次抓取（抬起参考帧）,grasp,2,0.75,14,300
9,demo_5,P2,331,第2次放置,place,2,1.0,16,340
10,demo_1,G1,144,第1次抓取（抬起参考帧）,grasp,1,0.25,7,160
10,demo_1,P1,166,第1次放置,place,1,0.5,8,180
10,demo_1,G2,261,第2次抓取（抬起参考帧）,grasp,2,0.75,13,280
10,demo_1,P2,290,第2次放置,place,2,1.0,14,300
10,demo_2,G1,166,第1次抓取（抬起参考帧）,grasp,1,0.25,8,180
10,demo_2,P1,183,第1次放置,place,1,0.5,9,200
10,demo_2,G2,291,第2次抓取（抬起参考帧）,grasp,2,0.75,14,300
10,demo_2,P2,320,第2次放置,place,2,1.0,15,320
10,demo_3,G1,161,第1次抓取（抬起参考帧）,grasp,1,0.25,8,180
10,demo_3,P1,178,第1次放置,place,1,0.5,8,180
10,demo_3,G2,282,第2次抓取（抬起参考帧）,grasp,2,0.75,14,300
10,demo_3,P2,312,第2次放置,place,2,1.0,15,320
10,demo_4,G1,154,第1次抓取（抬起参考帧）,grasp,1,0.25,7,160
10,demo_4,P1,177,第1次放置,place,1,0.5,8,180
10,demo_4,G2,281,第2次抓取（抬起参考帧）,grasp,2,0.75,14,300
10,demo_4,P2,311,第2次放置,place,2,1.0,15,320
10,demo_5,G1,142,第1次抓取（抬起参考帧）,grasp,1,0.25,7,160
10,demo_5,P1,168,第1次放置,place,1,0.5,8,180
10,demo_5,G2,356,第2次抓取（抬起参考帧）,grasp,2,0.75,17,360
10,demo_5,P2,383,第2次放置,place,2,1.0,19,400
