method,task,train_seed,checkpoint,eval_seed,successes,episodes,success_rate,source
handover03,6,42,1500,10001,15,20,75,/data/libero_mem_baseline/a100_local_eval_20260910/evaluations/gradientfix-ablation-a100-handover03-t6-s42-c1500-e10001/audited_summary.json
handover03,6,42,1500,10002,11,20,55,/data/libero_mem_baseline/a100_local_eval_20260910/evaluations/gradientfix-ablation-a100-handover03-t6-s42-c1500-e10002/audited_summary.json
handover03,6,42,1500,10003,13,20,65,/data/libero_mem_baseline/a100_local_eval_20260910/evaluations/gradientfix-ablation-a100-handover03-t6-s42-c1500-e10003/audited_summary.json
handover03,7,42,1500,10001,9,20,45,/pfs/pfs-7jnepv/lgd/libero_fullmatrix_20260909/evaluations/gradientfix-ablation-handover03-t7-s42-c1500-e10001/audited_summary.json
handover03,7,42,1500,10002,6,20,30,/pfs/pfs-7jnepv/lgd/libero_fullmatrix_20260909/evaluations/gradientfix-ablation-handover03-t7-s42-c1500-e10002/audited_summary.json
handover03,7,42,1500,10003,7,20,35,/pfs/pfs-7jnepv/lgd/libero_fullmatrix_20260909/evaluations/gradientfix-ablation-handover03-t7-s42-c1500-e10003/audited_summary.json
handover03,8,42,1500,10001,9,20,45,/pfs/pfs-7jnepv/lgd/libero_fullmatrix_20260909/evaluations/gradientfix-ablation-handover03-t8-s42-c1500-e10001/audited_summary.json
handover03,8,42,1500,10002,10,20,50,/pfs/pfs-7jnepv/lgd/libero_fullmatrix_20260909/evaluations/gradientfix-ablation-handover03-t8-s42-c1500-e10002/audited_summary.json
handover03,8,42,1500,10003,7,20,35,/pfs/pfs-7jnepv/lgd/libero_fullmatrix_20260909/evaluations/gradientfix-ablation-handover03-t8-s42-c1500-e10003/audited_summary.json
ActMem-VLA,6,42,1500,10001,16,20,80,/data/libero_mem_baseline/a100_local_eval_20260910/evaluations/gradientfix-v1-t6-s42-c1500-e10001/audited_summary.json
ActMem-VLA,6,42,1500,10002,16,20,80,/data/libero_mem_baseline/a100_local_eval_20260910/evaluations/gradientfix-v1-t6-s42-c1500-e10002/audited_summary.json
ActMem-VLA,6,42,1500,10003,16,20,80,/data/libero_mem_baseline/a100_local_eval_20260910/evaluations/gradientfix-v1-t6-s42-c1500-e10003/audited_summary.json
ActMem-VLA,7,42,1500,10001,7,20,35,/data/libero_mem_baseline/a100_local_eval_20260910/evaluations/gradientfix-v1-t7-s42-c1500-e10001/audited_summary.json
ActMem-VLA,7,42,1500,10002,6,20,30,/data/libero_mem_baseline/a100_local_eval_20260910/evaluations/gradientfix-v1-t7-s42-c1500-e10002/audited_summary.json
ActMem-VLA,7,42,1500,10003,11,20,55,/data/libero_mem_baseline/a100_local_eval_20260910/evaluations/gradientfix-v1-t7-s42-c1500-e10003/audited_summary.json
ActMem-VLA,8,42,1500,10001,9,20,45,/data/libero_mem_baseline/a100_local_eval_20260910/evaluations/gradientfix-v1-t8-s42-c1500-e10001/audited_summary.json
ActMem-VLA,8,42,1500,10002,8,20,40,/data/libero_mem_baseline/a100_local_eval_20260910/evaluations/gradientfix-v1-t8-s42-c1500-e10002/audited_summary.json
ActMem-VLA,8,42,1500,10003,10,20,50,/data/libero_mem_baseline/a100_local_eval_20260910/evaluations/gradientfix-v1-t8-s42-c1500-e10003/audited_summary.json
handover05,6,42,1500,10001,12,20,60,/data/libero_mem_baseline/a100_local_eval_20260910/evaluations/gradientfix-ablation-a100-handover05-t6-s42-c1500-e10001/audited_summary.json
handover05,6,42,1500,10002,15,20,75,/data/libero_mem_baseline/a100_local_eval_20260910/evaluations/gradientfix-ablation-a100-handover05-t6-s42-c1500-e10002/audited_summary.json
handover05,6,42,1500,10003,13,20,65,/data/libero_mem_baseline/a100_local_eval_20260910/evaluations/gradientfix-ablation-a100-handover05-t6-s42-c1500-e10003/audited_summary.json
handover05,7,42,1500,10001,4,20,20,/pfs/pfs-7jnepv/lgd/libero_fullmatrix_20260909/evaluations/gradientfix-ablation-handover05-t7-s42-c1500-e10001/audited_summary.json
handover05,7,42,1500,10002,6,20,30,/pfs/pfs-7jnepv/lgd/libero_fullmatrix_20260909/evaluations/gradientfix-ablation-handover05-t7-s42-c1500-e10002/audited_summary.json
handover05,7,42,1500,10003,5,20,25,/pfs/pfs-7jnepv/lgd/libero_fullmatrix_20260909/evaluations/gradientfix-ablation-handover05-t7-s42-c1500-e10003/audited_summary.json
handover05,8,42,1500,10001,7,20,35,/pfs/pfs-7jnepv/lgd/libero_fullmatrix_20260909/evaluations/gradientfix-ablation-handover05-t8-s42-c1500-e10001/audited_summary.json
handover05,8,42,1500,10002,6,20,30,/pfs/pfs-7jnepv/lgd/libero_fullmatrix_20260909/evaluations/gradientfix-ablation-handover05-t8-s42-c1500-e10002/audited_summary.json
handover05,8,42,1500,10003,13,20,65,/pfs/pfs-7jnepv/lgd/libero_fullmatrix_20260909/evaluations/gradientfix-ablation-handover05-t8-s42-c1500-e10003/audited_summary.json
handover06,6,42,1500,10001,13,20,65,/data/libero_mem_baseline/a100_local_eval_20260910/evaluations/gradientfix-ablation-a100-handover06-t6-s42-c1500-e10001/audited_summary.json
handover06,6,42,1500,10002,17,20,85,/data/libero_mem_baseline/a100_local_eval_20260910/evaluations/gradientfix-ablation-a100-handover06-t6-s42-c1500-e10002/audited_summary.json
handover06,6,42,1500,10003,13,20,65,/data/libero_mem_baseline/a100_local_eval_20260910/evaluations/gradientfix-ablation-a100-handover06-t6-s42-c1500-e10003/audited_summary.json
handover06,7,42,1500,10001,4,20,20,/pfs/pfs-7jnepv/lgd/libero_fullmatrix_20260909/evaluations/gradientfix-ablation-handover06-t7-s42-c1500-e10001/audited_summary.json
handover06,7,42,1500,10002,6,20,30,/pfs/pfs-7jnepv/lgd/libero_fullmatrix_20260909/evaluations/gradientfix-ablation-handover06-t7-s42-c1500-e10002/audited_summary.json
handover06,7,42,1500,10003,7,20,35,/pfs/pfs-7jnepv/lgd/libero_fullmatrix_20260909/evaluations/gradientfix-ablation-handover06-t7-s42-c1500-e10003/audited_summary.json
handover06,8,42,1500,10001,6,20,30,/pfs/pfs-7jnepv/lgd/libero_fullmatrix_20260909/evaluations/gradientfix-ablation-handover06-t8-s42-c1500-e10001/audited_summary.json
handover06,8,42,1500,10002,11,20,55,/pfs/pfs-7jnepv/lgd/libero_fullmatrix_20260909/evaluations/gradientfix-ablation-handover06-t8-s42-c1500-e10002/audited_summary.json
handover06,8,42,1500,10003,8,20,40,/pfs/pfs-7jnepv/lgd/libero_fullmatrix_20260909/evaluations/gradientfix-ablation-handover06-t8-s42-c1500-e10003/audited_summary.json
mamba_depth4,6,42,1500,10001,12,20,60,/data/libero_mem_baseline/a100_local_eval_20260910/evaluations/gradientfix-ablation-a100-mamba_depth4-t6-s42-c1500-e10001/audited_summary.json
mamba_depth4,6,42,1500,10002,11,20,55,/data/libero_mem_baseline/a100_local_eval_20260910/evaluations/gradientfix-ablation-a100-mamba_depth4-t6-s42-c1500-e10002/audited_summary.json
mamba_depth4,6,42,1500,10003,12,20,60,/data/libero_mem_baseline/a100_local_eval_20260910/evaluations/gradientfix-ablation-a100-mamba_depth4-t6-s42-c1500-e10003/audited_summary.json
mamba_depth4,7,42,1500,10001,8,20,40,/pfs/pfs-7jnepv/lgd/libero_fullmatrix_20260909/evaluations/gradientfix-ablation-mamba_depth4-t7-s42-c1500-e10001/audited_summary.json
mamba_depth4,7,42,1500,10002,3,20,15,/pfs/pfs-7jnepv/lgd/libero_fullmatrix_20260909/evaluations/gradientfix-ablation-mamba_depth4-t7-s42-c1500-e10002/audited_summary.json
mamba_depth4,7,42,1500,10003,4,20,20,/pfs/pfs-7jnepv/lgd/libero_fullmatrix_20260909/evaluations/gradientfix-ablation-mamba_depth4-t7-s42-c1500-e10003/audited_summary.json
mamba_depth4,8,42,1500,10001,10,20,50,/pfs/pfs-7jnepv/lgd/libero_fullmatrix_20260909/evaluations/gradientfix-ablation-mamba_depth4-t8-s42-c1500-e10001/audited_summary.json
mamba_depth4,8,42,1500,10002,10,20,50,/pfs/pfs-7jnepv/lgd/libero_fullmatrix_20260909/evaluations/gradientfix-ablation-mamba_depth4-t8-s42-c1500-e10002/audited_summary.json
mamba_depth4,8,42,1500,10003,8,20,40,/pfs/pfs-7jnepv/lgd/libero_fullmatrix_20260909/evaluations/gradientfix-ablation-mamba_depth4-t8-s42-c1500-e10003/audited_summary.json
mamba_width1536,6,42,1500,10001,16,20,80,/data/libero_mem_baseline/a100_local_eval_20260910/evaluations/gradientfix-ablation-a100-mamba_width1536-t6-s42-c1500-e10001/audited_summary.json
mamba_width1536,6,42,1500,10002,14,20,70,/data/libero_mem_baseline/a100_local_eval_20260910/evaluations/gradientfix-ablation-a100-mamba_width1536-t6-s42-c1500-e10002/audited_summary.json
mamba_width1536,6,42,1500,10003,16,20,80,/data/libero_mem_baseline/a100_local_eval_20260910/evaluations/gradientfix-ablation-a100-mamba_width1536-t6-s42-c1500-e10003/audited_summary.json
mamba_width1536,7,42,1500,10001,9,20,45,/pfs/pfs-7jnepv/lgd/libero_fullmatrix_20260909/evaluations/gradientfix-ablation-mamba_width1536-t7-s42-c1500-e10001/audited_summary.json
mamba_width1536,7,42,1500,10002,8,20,40,/pfs/pfs-7jnepv/lgd/libero_fullmatrix_20260909/evaluations/gradientfix-ablation-mamba_width1536-t7-s42-c1500-e10002/audited_summary.json
mamba_width1536,7,42,1500,10003,7,20,35,/pfs/pfs-7jnepv/lgd/libero_fullmatrix_20260909/evaluations/gradientfix-ablation-mamba_width1536-t7-s42-c1500-e10003/audited_summary.json
mamba_width1536,8,42,1500,10001,9,20,45,/pfs/pfs-7jnepv/lgd/libero_fullmatrix_20260909/evaluations/gradientfix-ablation-mamba_width1536-t8-s42-c1500-e10001/audited_summary.json
mamba_width1536,8,42,1500,10002,14,20,70,/pfs/pfs-7jnepv/lgd/libero_fullmatrix_20260909/evaluations/gradientfix-ablation-mamba_width1536-t8-s42-c1500-e10002/audited_summary.json
mamba_width1536,8,42,1500,10003,7,20,35,/pfs/pfs-7jnepv/lgd/libero_fullmatrix_20260909/evaluations/gradientfix-ablation-mamba_width1536-t8-s42-c1500-e10003/audited_summary.json
pae_depth2,6,42,1500,10001,15,20,75,/data/libero_mem_baseline/a100_local_eval_20260910/evaluations/gradientfix-ablation-a100-pae_depth2-t6-s42-c1500-e10001/audited_summary.json
pae_depth2,6,42,1500,10002,12,20,60,/data/libero_mem_baseline/a100_local_eval_20260910/evaluations/gradientfix-ablation-a100-pae_depth2-t6-s42-c1500-e10002/audited_summary.json
pae_depth2,6,42,1500,10003,15,20,75,/data/libero_mem_baseline/a100_local_eval_20260910/evaluations/gradientfix-ablation-a100-pae_depth2-t6-s42-c1500-e10003/audited_summary.json
pae_depth2,7,42,1500,10001,3,20,15,/pfs/pfs-7jnepv/lgd/libero_fullmatrix_20260909/evaluations/gradientfix-ablation-pae_depth2-t7-s42-c1500-e10001/audited_summary.json
pae_depth2,7,42,1500,10002,4,20,20,/pfs/pfs-7jnepv/lgd/libero_fullmatrix_20260909/evaluations/gradientfix-ablation-pae_depth2-t7-s42-c1500-e10002/audited_summary.json
pae_depth2,7,42,1500,10003,6,20,30,/pfs/pfs-7jnepv/lgd/libero_fullmatrix_20260909/evaluations/gradientfix-ablation-pae_depth2-t7-s42-c1500-e10003/audited_summary.json
pae_depth2,8,42,1500,10001,8,20,40,/pfs/pfs-7jnepv/lgd/libero_fullmatrix_20260909/evaluations/gradientfix-ablation-pae_depth2-t8-s42-c1500-e10001/audited_summary.json
pae_depth2,8,42,1500,10002,8,20,40,/pfs/pfs-7jnepv/lgd/libero_fullmatrix_20260909/evaluations/gradientfix-ablation-pae_depth2-t8-s42-c1500-e10002/audited_summary.json
pae_depth2,8,42,1500,10003,8,20,40,/pfs/pfs-7jnepv/lgd/libero_fullmatrix_20260909/evaluations/gradientfix-ablation-pae_depth2-t8-s42-c1500-e10003/audited_summary.json
pae_depth6,6,42,1500,10001,15,20,75,/data/libero_mem_baseline/a100_local_eval_20260910/evaluations/gradientfix-ablation-a100-pae_depth6-t6-s42-c1500-e10001/audited_summary.json
pae_depth6,6,42,1500,10002,15,20,75,/data/libero_mem_baseline/a100_local_eval_20260910/evaluations/gradientfix-ablation-a100-pae_depth6-t6-s42-c1500-e10002/audited_summary.json
pae_depth6,6,42,1500,10003,13,20,65,/data/libero_mem_baseline/a100_local_eval_20260910/evaluations/gradientfix-ablation-a100-pae_depth6-t6-s42-c1500-e10003/audited_summary.json
pae_depth6,7,42,1500,10001,9,20,45,/data/libero_mem_baseline/a100_local_eval_20260910/evaluations/gradientfix-ablation-a100-pae_depth6-t7-s42-c1500-e10001/audited_summary.json
pae_depth6,7,42,1500,10002,7,20,35,/data/libero_mem_baseline/a100_local_eval_20260910/evaluations/gradientfix-ablation-a100-pae_depth6-t7-s42-c1500-e10002/audited_summary.json
pae_depth6,7,42,1500,10003,5,20,25,/data/libero_mem_baseline/a100_local_eval_20260910/evaluations/gradientfix-ablation-a100-pae_depth6-t7-s42-c1500-e10003/audited_summary.json
pae_depth6,8,42,1500,10001,11,20,55,/pfs/pfs-7jnepv/lgd/libero_fullmatrix_20260909/evaluations/gradientfix-ablation-pae_depth6-t8-s42-c1500-e10001/audited_summary.json
pae_depth6,8,42,1500,10002,13,20,65,/pfs/pfs-7jnepv/lgd/libero_fullmatrix_20260909/evaluations/gradientfix-ablation-pae_depth6-t8-s42-c1500-e10002/audited_summary.json
pae_depth6,8,42,1500,10003,9,20,45,/pfs/pfs-7jnepv/lgd/libero_fullmatrix_20260909/evaluations/gradientfix-ablation-pae_depth6-t8-s42-c1500-e10003/audited_summary.json
