method,task,train_seed,checkpoint,successes,episodes,success_rate
handover03,6,42,1500,39,60,65.0
handover03,7,42,1500,22,60,36.666666666666664
handover03,8,42,1500,26,60,43.333333333333336
ActMem-VLA,6,42,1500,48,60,80.0
ActMem-VLA,7,42,1500,24,60,40.0
ActMem-VLA,8,42,1500,27,60,45.0
handover05,6,42,1500,40,60,66.66666666666667
handover05,7,42,1500,15,60,25.0
handover05,8,42,1500,26,60,43.333333333333336
handover06,6,42,1500,43,60,71.66666666666667
handover06,7,42,1500,17,60,28.333333333333332
handover06,8,42,1500,25,60,41.666666666666664
mamba_depth4,6,42,1500,35,60,58.333333333333336
mamba_depth4,7,42,1500,15,60,25.0
mamba_depth4,8,42,1500,28,60,46.666666666666664
mamba_width1536,6,42,1500,46,60,76.66666666666667
mamba_width1536,7,42,1500,24,60,40.0
mamba_width1536,8,42,1500,30,60,50.0
pae_depth2,6,42,1500,42,60,70.0
pae_depth2,7,42,1500,13,60,21.666666666666668
pae_depth2,8,42,1500,24,60,40.0
pae_depth6,6,42,1500,43,60,71.66666666666667
pae_depth6,7,42,1500,21,60,35.0
pae_depth6,8,42,1500,33,60,55.0
