task,method,total_episodes,box_samples,success_rate,mean,q1,median,q3,whisker_low,whisker_high,outlier_count
1,Demonstrations,100,100,,147.46,140.0,145.5,151.25,128.0,168.0,4
1,pi05,60,60,100.0,148.48333333333332,123.5,131.0,166.25,80.0,224.0,3
1,MemoryVLA,60,60,100.0,118.23333333333333,110.5,117.0,121.25,97.0,130.0,1
1,ActMem-VLA,180,180,100.0,132.69444444444446,119.0,127.0,133.0,98.0,154.0,29
2,Demonstrations,98,98,,157.4795918367347,136.25,152.5,172.25,120.0,218.0,2
2,pi05,60,60,100.0,147.91666666666666,113.5,131.5,175.0,88.0,266.0,1
2,MemoryVLA,60,56,93.33333333333333,132.05357142857142,105.75,117.0,132.25,91.0,163.0,6
2,ActMem-VLA,180,180,100.0,142.77777777777777,115.0,127.0,148.0,89.0,193.0,18
3,Demonstrations,98,98,,286.8469387755102,275.0,284.5,297.0,256.0,330.0,1
3,pi05,60,59,98.33333333333333,321.50847457627117,262.0,305.0,374.0,198.0,518.0,0
3,MemoryVLA,60,43,71.66666666666667,407.04651162790697,337.0,395.0,499.5,186.0,583.0,0
3,ActMem-VLA,180,180,100.0,291.5888888888889,259.0,276.0,302.0,209.0,364.0,17
4,Demonstrations,99,99,,284.67676767676767,261.5,276.0,306.5,242.0,347.0,1
4,pi05,60,54,90.0,349.037037037037,292.75,348.5,399.75,197.0,546.0,0
4,MemoryVLA,60,18,30.0,326.22222222222223,253.5,300.0,356.0,177.0,483.0,2
4,ActMem-VLA,180,180,100.0,285.6666666666667,250.0,274.0,309.25,209.0,398.0,5
5,Demonstrations,97,97,,388.0618556701031,369.0,382.0,402.0,334.0,450.0,3
5,pi05,60,56,93.33333333333333,392.1607142857143,352.0,376.0,426.5,284.0,534.0,1
5,MemoryVLA,60,6,10.0,498.3333333333333,435.75,510.5,565.0,382.0,593.0,0
5,ActMem-VLA,180,180,100.0,377.1,342.75,367.5,400.0,302.0,474.0,4
6,Demonstrations,100,100,,563.79,538.75,561.0,588.0,481.0,658.0,0
6,pi05,60,21,35.0,528.3809523809524,499.0,529.0,570.0,432.0,596.0,0
6,MemoryVLA,60,0,0.0,,,,,,,
6,ActMem-VLA,180,136,75.55555555555556,550.4926470588235,527.5,548.0,577.0,481.0,600.0,0
7,Demonstrations,88,88,,404.96590909090907,381.25,404.0,428.25,323.0,485.0,0
7,pi05,60,19,31.666666666666668,414.2105263157895,358.5,383.0,437.5,316.0,536.0,3
7,MemoryVLA,60,23,38.333333333333336,379.69565217391306,332.5,352.0,403.5,282.0,489.0,2
7,ActMem-VLA,180,77,42.77777777777778,418.68831168831167,356.0,405.0,471.0,321.0,577.0,0
8,Demonstrations,82,82,,524.8658536585366,494.0,522.0,546.75,444.0,613.0,2
8,pi05,60,31,51.666666666666664,516.9677419354839,497.5,515.0,536.5,439.0,584.0,3
8,MemoryVLA,60,32,53.333333333333336,480.96875,454.75,476.5,502.75,392.0,568.0,0
8,ActMem-VLA,180,99,55.0,515.1111111111111,495.0,509.0,536.0,438.0,597.0,2
9,Demonstrations,100,100,,318.12,304.75,316.5,330.25,284.0,366.0,1
9,pi05,60,60,100.0,296.6,287.75,295.0,303.25,269.0,325.0,4
9,MemoryVLA,60,55,91.66666666666667,262.03636363636366,246.0,257.0,281.0,212.0,322.0,0
9,ActMem-VLA,180,180,100.0,299.3333333333333,286.0,296.0,305.0,269.0,330.0,7
10,Demonstrations,99,99,,307.3030303030303,290.5,305.0,319.5,272.0,358.0,1
10,pi05,60,60,100.0,280.9,274.0,278.5,290.0,250.0,306.0,0
10,MemoryVLA,60,57,95.0,274.280701754386,258.0,264.0,279.0,232.0,302.0,4
10,ActMem-VLA,180,180,100.0,289.4166666666667,279.75,287.0,297.0,256.0,319.0,4
