task,method,budget,episodes,original_successes,budget_successes,original_sr,budget_sr,delta_pp
1,pi05,180,60,60,46,100.0,76.66666666666667,-23.333333333333332
1,MemoryVLA,180,60,60,59,100.0,98.33333333333333,-1.6666666666666667
1,ActMem-VLA,180,180,180,168,100.0,93.33333333333333,-6.666666666666667
2,pi05,220,60,60,54,100.0,90.0,-10.0
2,MemoryVLA,220,60,56,53,93.33333333333333,88.33333333333333,-5.0
2,ActMem-VLA,220,180,180,167,100.0,92.77777777777777,-7.222222222222222
3,pi05,320,60,59,31,98.33333333333333,51.666666666666664,-46.666666666666664
3,MemoryVLA,320,60,43,9,71.66666666666667,15.0,-56.666666666666664
3,ActMem-VLA,320,180,180,146,100.0,81.11111111111111,-18.88888888888889
4,pi05,340,60,54,24,90.0,40.0,-50.0
4,MemoryVLA,340,60,18,12,30.0,20.0,-10.0
4,ActMem-VLA,340,180,180,154,100.0,85.55555555555556,-14.444444444444445
5,pi05,460,60,56,49,93.33333333333333,81.66666666666667,-11.666666666666666
5,MemoryVLA,460,60,6,2,10.0,3.3333333333333335,-6.666666666666667
5,ActMem-VLA,460,180,180,171,100.0,95.0,-5.0
6,pi05,600,60,21,21,35.0,35.0,0.0
6,MemoryVLA,600,60,0,0,0.0,0.0,0.0
6,ActMem-VLA,600,180,136,136,75.55555555555556,75.55555555555556,0.0
