task,method,train_seed,eval_seed,checkpoint,budget,episodes,original_successes,budget_successes
1,pi05,42,10001,49999,180,20,20,17
1,pi05,42,10002,49999,180,20,20,17
1,pi05,42,10003,49999,180,20,20,12
1,MemoryVLA,42,10001,40000,180,20,20,20
1,MemoryVLA,42,10002,40000,180,20,20,19
1,MemoryVLA,42,10003,40000,180,20,20,20
1,ActMem-VLA,0,10001,500,180,20,20,19
1,ActMem-VLA,0,10002,500,180,20,20,19
1,ActMem-VLA,0,10003,500,180,20,20,19
1,ActMem-VLA,1,10001,500,180,20,20,18
1,ActMem-VLA,1,10002,500,180,20,20,17
1,ActMem-VLA,1,10003,500,180,20,20,20
1,ActMem-VLA,42,10001,500,180,20,20,18
1,ActMem-VLA,42,10002,500,180,20,20,18
1,ActMem-VLA,42,10003,500,180,20,20,20
2,pi05,42,10001,49999,220,20,20,18
2,pi05,42,10002,49999,220,20,20,18
2,pi05,42,10003,49999,220,20,20,18
2,MemoryVLA,42,10001,40000,220,20,19,16
2,MemoryVLA,42,10002,40000,220,20,19,19
2,MemoryVLA,42,10003,40000,220,20,18,18
2,ActMem-VLA,0,10001,500,220,20,20,19
2,ActMem-VLA,0,10002,500,220,20,20,19
2,ActMem-VLA,0,10003,500,220,20,20,19
2,ActMem-VLA,1,10001,500,220,20,20,17
2,ActMem-VLA,1,10002,500,220,20,20,20
2,ActMem-VLA,1,10003,500,220,20,20,19
2,ActMem-VLA,42,10001,1000,220,20,20,18
2,ActMem-VLA,42,10002,1000,220,20,20,18
2,ActMem-VLA,42,10003,1000,220,20,20,18
3,pi05,42,10001,49999,320,20,20,10
3,pi05,42,10002,49999,320,20,19,10
3,pi05,42,10003,49999,320,20,20,11
3,MemoryVLA,42,10001,40000,320,20,16,3
3,MemoryVLA,42,10002,40000,320,20,13,3
3,MemoryVLA,42,10003,40000,320,20,14,3
3,ActMem-VLA,0,10001,500,320,20,20,19
3,ActMem-VLA,0,10002,500,320,20,20,14
3,ActMem-VLA,0,10003,500,320,20,20,13
3,ActMem-VLA,1,10001,1000,320,20,20,15
3,ActMem-VLA,1,10002,1000,320,20,20,19
3,ActMem-VLA,1,10003,1000,320,20,20,18
3,ActMem-VLA,42,10001,1000,320,20,20,17
3,ActMem-VLA,42,10002,1000,320,20,20,17
3,ActMem-VLA,42,10003,1000,320,20,20,14
4,pi05,42,10001,49999,340,20,17,10
4,pi05,42,10002,49999,340,20,19,3
4,pi05,42,10003,49999,340,20,18,11
4,MemoryVLA,42,10001,40000,340,20,6,4
4,MemoryVLA,42,10002,40000,340,20,4,1
4,MemoryVLA,42,10003,40000,340,20,8,7
4,ActMem-VLA,0,10001,1000,340,20,20,17
4,ActMem-VLA,0,10002,1000,340,20,20,18
4,ActMem-VLA,0,10003,1000,340,20,20,14
4,ActMem-VLA,1,10001,500,340,20,20,18
4,ActMem-VLA,1,10002,500,340,20,20,18
4,ActMem-VLA,1,10003,500,340,20,20,15
4,ActMem-VLA,42,10001,1500,340,20,20,18
4,ActMem-VLA,42,10002,1500,340,20,20,18
4,ActMem-VLA,42,10003,1500,340,20,20,18
5,pi05,42,10001,49999,460,20,20,15
5,pi05,42,10002,49999,460,20,18,18
5,pi05,42,10003,49999,460,20,18,16
5,MemoryVLA,42,10001,40000,460,20,1,0
5,MemoryVLA,42,10002,40000,460,20,3,1
5,MemoryVLA,42,10003,40000,460,20,2,1
5,ActMem-VLA,0,10001,1000,460,20,20,18
5,ActMem-VLA,0,10002,1000,460,20,20,20
5,ActMem-VLA,0,10003,1000,460,20,20,20
5,ActMem-VLA,1,10001,1000,460,20,20,20
5,ActMem-VLA,1,10002,1000,460,20,20,18
5,ActMem-VLA,1,10003,1000,460,20,20,19
5,ActMem-VLA,42,10001,1000,460,20,20,18
5,ActMem-VLA,42,10002,1000,460,20,20,19
5,ActMem-VLA,42,10003,1000,460,20,20,19
6,pi05,42,10001,49999,600,20,7,7
6,pi05,42,10002,49999,600,20,5,5
6,pi05,42,10003,49999,600,20,9,9
6,MemoryVLA,42,10001,40000,600,20,0,0
6,MemoryVLA,42,10002,40000,600,20,0,0
6,MemoryVLA,42,10003,40000,600,20,0,0
6,ActMem-VLA,0,10001,2500,600,20,9,9
6,ActMem-VLA,0,10002,2500,600,20,16,16
6,ActMem-VLA,0,10003,2500,600,20,18,18
6,ActMem-VLA,1,10001,1500,600,20,15,15
6,ActMem-VLA,1,10002,1500,600,20,16,16
6,ActMem-VLA,1,10003,1500,600,20,14,14
6,ActMem-VLA,42,10001,1500,600,20,16,16
6,ActMem-VLA,42,10002,1500,600,20,16,16
6,ActMem-VLA,42,10003,1500,600,20,16,16
